{
  "baseline_schema_version": "v1",
  "dataset_path": "eval/datasets/tool_routing.jsonl,eval/datasets/tool_routing_multi.jsonl",
  "dataset_hash": "a7bb355aa4e7e49e",
  "policy_strategy": "mixed",
  "total_cases": 15,
  "tool_selection_accuracy": 0.9090909090909091,
  "family_accuracy": 1.0,
  "provider_accuracy": 0.9166666666666666,
  "mcp_usage_rate": 0.3333333333333333,
  "builtin_usage_rate": 0.6,
  "fallback_rate": 0.06666666666666667,
  "fallback_success_rate": 1.0,
  "average_confidence": 0.8069533333333332,
  "multi_tool_metrics": {
    "case_count": 3,
    "average_tool_recall": 0.4444333333333333,
    "average_tool_precision": 0.6666666666666666,
    "average_family_recall": 0.6111,
    "average_provider_recall": 0.6666666666666666
  },
  "created_at": "2026-07-02T12:44:48.233090Z"
}
